id;address_id;patient_id;address_line_1;address_line_2;city_name;state_name;country_name;nationality;pincode
1;70172;43385;CFP Franc Human Versatile;hack Configuration Rubber;secured line index;experiences Sports Handcrafted Concrete Chicken;Passage optical Customer;Cambridgeshire Pants;convergence
2;42173;3154;copy methodical;Producer;Chair;bypass Developer;Awesome Wooden Table;invoice;indexing Ports
3;98769;53647;South Georgia and the South Sandwich Islands;Guyana Dollar bypassing;capacitor;circuit hacking;interactive;navigate Skyway orchid;Leone Toys Home
4;23123;69935;synthesizing;National National Avon;Orchestrator calculating;Shoes;SCSI Rustic Cotton Shoes systemic;Savings Account Cayman Islands Dollar Canada;withdrawal object-oriented USB
5;21775;91604;optical;Awesome Fresh Chips invoice Accounts;blue motivating;Auto Loan Account Administrator Luxembourg;Awesome clicks-and-mortar;Identity input payment;calculating Cheese payment
6;27124;66993;Supervisor;Identity;Tasty Ramp;benchmark;Rubber Principal;Personal Loan Account fuchsia;context-sensitive Shoes Cameroon
7;31174;17981;enhance virtual Identity;Savings Account Computer alarm;systematic Montana Gorgeous Plastic Car;compressing primary;compelling withdrawal task-force;national;invoice back up implement
8;23203;65741;azure compress asynchronous;integrated optimize infrastructures;Brand Director HTTP;calculate;withdrawal;Anguilla;deposit application
9;38533;60094;Qatar;Awesome Savings Account;Shoes;Self-enabling Chicken Money Market Account;override SDD;channels;Implemented
10;48290;43611;Rustic Frozen Salad methodologies local;turquoise;solutions;cross-platform;back up auxiliary;Baby Industrial;USB El Salvador solid state
